<favourites>
	<favourite name="Proyecto realizado a nivel internacional siguiendo leyes de EEUU no almacenando ni promoviendo usos ilegitimos de este, por favor use los programas solo si en su pais permite su uso y/o tiene acceso a las licencias oportunas para el uso del contenido que este le facilite (ej: HBO o Bein Sport que no da app para Android TV)" thumb="">null</favourite>
	<favourite name="En caso de duda, desinstale todo componente o aplicacion dudosa para su persona." thumb="">null</favourite>
	<favourite name="--------------------" thumb="">null</favourite>
	<favourite name="Copyright 2017 Vindicare.es para aprendizaje" thumb="">null</favourite>
	<favourite name="Todos código aquí incluido pertenece a sus autores originales" thumb="">null</favourite>
	<favourite name="salvo indicación expresa intentando usar el maximo libre posible salvo error." thumb="">null</favourite>
	<favourite name="Todo código sin autor específico o modificaciones de este" thumb="">null</favourite>
	<favourite name="pertenece a Copyright 2017 Vindicare.es" thumb="">null</favourite>
	<favourite name="--------------------" thumb="">null</favourite>
	<favourite name="Se permite la libre distribución de la última versión" thumb="">null</favourite>
	<favourite name="disponible sin ánimo de lucro ni modificaciones." thumb="">null</favourite>
	<favourite name="En caso de duda contactar mediante la web indicada" thumb="">null</favourite>
	<favourite name="o telegram en los grupos habituales." thumb="">null</favourite>
	<favourite name="Si deseas que cierto código o multimedia" thumb="">null</favourite>
	<favourite name="sea añadido o retirado contacta con nosotros." thumb="">null</favourite>
	<favourite name="Proyecto personal desarrollado para aprendizaje " thumb="">null</favourite>
	<favourite name="y conocimiento licenciado a la comunidad" thumb="">null</favourite>
	<favourite name="SOLO Y EXCLUSIVAMENTE para su evaluacion." thumb="">null</favourite>
</favourites>