<favourites>
	<favourite name="Aptoide TV" thumb="androidapp://sources/apps/cm.aptoidetv.pt.png">StartAndroidActivity(&quot;cm.aptoidetv.pt&quot;)</favourite>
	<favourite name="Arena4Viewer" thumb="androidapp://sources/apps/com.bone.android.a4v.oficial.png">StartAndroidActivity(&quot;com.bone.android.a4v.oficial&quot;)</favourite>
	<favourite name="Chrome" thumb="androidapp://sources/apps/com.android.chrome.png">StartAndroidActivity(&quot;com.android.chrome&quot;)</favourite>
	<favourite name="EMBRATORIA G7" thumb="androidapp://sources/apps/com.friend.embratoriag7.png">StartAndroidActivity(&quot;com.friend.embratoriag7&quot;)</favourite>
	<favourite name="Netflix - Ninja AndroidTV" thumb="androidapp://sources/apps/com.netflix.ninja.png">StartAndroidActivity(&quot;com.netflix.ninja&quot;)</favourite>
	<favourite name="EmuladorFacil - Happychick" thumb="androidapp://sources/apps/com.xiaoji.tvbox.png">StartAndroidActivity(&quot;com.xiaoji.tvbox&quot;)</favourite>
	<favourite name="Twitch" thumb="androidapp://sources/apps/tv.twitch.android.app.png">StartAndroidActivity(&quot;tv.twitch.android.app&quot;)</favourite>
	<favourite name="X-plore" thumb="androidapp://sources/apps/com.lonelycatgames.Xplore.png">StartAndroidActivity(&quot;com.lonelycatgames.Xplore&quot;)</favourite>
	<favourite name="YouTube - Android TV" thumb="androidapp://sources/apps/com.google.android.youtube.tv.png">StartAndroidActivity(&quot;com.google.android.youtube.tv&quot;)</favourite>
	
</favourites>