<?xml version="1.0" encoding="UTF-8" standalone="yes"?>
<addon id="plugin.program.vindiconfsoporte"
       name="Vindibox Conf Soporte"
       version="0.0.6.s"
       provider-name="Blackgem">
  <requires>
    <import addon="xbmc.python" version="2.1.0"/>

  </requires>
  <extension point="xbmc.python.pluginsource" library="default.py">
	<provides>executable</provides>
  </extension>
  
  	<extension point="xbmc.addon.repository" name="Vindibox Soporte Repo">
        <info>http://vindiboxsoporte.androidtv.info/repo/addons.xml</info>
        <checksum>http://vindiboxsoporte.androidtv.info/repo/addons.xml.md5</checksum>
        <datadir zip="true">http://vindiboxsoporte.androidtv.info/repo/</datadir>
    </extension>

  <extension point="xbmc.addon.metadata">
    <summary>Creado por Blackgem Vindicare</summary>
    <description>Vindicare 2018</description>
    <platform>all</platform>
  </extension>
</addon>
