<favourites>
	<favourite name="Revisar seccion de Contacto para mas promociones e info" thumb="">null</favourite>
	<favourite name="Copiar y pegar en movil o PC para acceder facilmente" thumb="">null</favourite>
	<favourite name="www.vindicare.es para servicios informaticos" thumb="">null</favourite>
	<favourite name="Tuenti 3Gb y llamadas ilimitadas por 6€ al mes" thumb="">null</favourite>
	<favourite name="www.tuenti.es/invita/?mgm_token=bgprqhlp" thumb="">null</favourite>
	<favourite name="Otras promociones contactar por privado." thumb="">null</favourite>
	<favourite name="AVISO: BETA PARA USO PARTICULAR." thumb="">null</favourite>
	<favourite name="--- Posibles futuras actualizaciones ----" thumb="">null</favourite>
	<favourite name="-Sistema de Backups y restablecimiento" thumb="">null</favourite>
	<favourite name="-Version Kodi 16 y 18" thumb="">null</favourite>
	<favourite name="-Sistema modular de actualizaciones y parches" thumb="">null</favourite>
	<favourite name="-Configurador de Buffer facil" thumb="">null</favourite>
	<favourite name="-Solicitudes de los usuarios" thumb="">null</favourite>
	<favourite name="-Soporte tecnico dedicado para usuarios y empresas" thumb="">null</favourite>
	<favourite name="--- Lista Negra ---" thumb="">null</favourite>
	<favourite name="Si usas sin autorizacion este sistema apareceras publicamente aqui" thumb="">null</favourite>
	<favourite name="Fulanito su web su tlf" thumb="">null</favourite>
	<favourite name="Benganito su facebook su wallapop" thumb="">null</favourite>
	<favourite name="" thumb="">null</favourite>

</favourites>