<favourites>
	<favourite name="Copiar y pegar en movil o PC para acceder facilmente" thumb="">null</favourite>
	<favourite name="Grupo Telegram para dudas especificas de este sistema" thumb="">null</favourite>
	<favourite name="https://t.me/androidtvinfo o @androidtvinfo en Telegram" thumb="">null</favourite>
	<favourite name="https://t.me/androidtv_tvbox grupo de TvBox en general" thumb="">null</favourite>
	<favourite name="Anuncio Oficial vindibox.androidtv.info" thumb="">null</favourite>
	<favourite name="--- Web con mas informacion ---" thumb="">null</favourite>
	<favourite name="www.androidtv.info web de referencia sobre Android TV" thumb="">null</favourite>
	<favourite name="tvbox.androidtv.info lista de dispositivos recomendados" thumb="">null</favourite>
	<favourite name="www.vindicare.es para servicios informaticos" thumb="">null</favourite>
	<favourite name="AVISO: BETA PARA USO PARTICULAR." thumb="">null</favourite>
	<favourite name="PROHIBIDA SU COPIA O DISTRIBUCIÓN NO AUTORIZADA." thumb="">null</favourite>
</favourites>