<?xml version="1.0" encoding="UTF-8" standalone="yes"?>
<addon id="plugin.program.vindiconf" name="VindiConf" version="0.1b" provider-name="Blackgem Vindicare">
  <requires>
    <import addon="xbmc.python" version="2.1.0"/>
  </requires>
  <extension point="xbmc.python.pluginsource" library="default.py">
    <provides>executable</provides>
  </extension>
  <extension point="xbmc.service" library="startup.py" start="startup" />
  <extension point="xbmc.addon.metadata">
    <summary lang="en">VindiConf</summary>
    <description lang="en">VindiConf permite ejecuta diversas configuraciones avanzadas en su sistema.</description>
    <platform>all</platform>
  </extension>
</addon>