<favourites>
	<favourite name="Info del Sistema" thumb="">ActivateWindow(systeminfo,&quot;systeminfo&quot;,return)</favourite>
	<favourite name="Ajustes" thumb="">ActivateWindow(Settings,&quot;Settings&quot;,return)</favourite>
	<favourite name="Ajustes del Skin" thumb="">ActivateWindow(skinsettings,&quot;skinsettings&quot;,return)</favourite>
	<favourite name="Cache, imagenes, paquetes - Limpia Tu Kodi" thumb="special://home/addons\script.limpiarkodi\icon.png">ActivateWindow(10001,&quot;plugin://script.limpiarkodi/?sf_options=fanart%3Dspecial%3A%2F%2Fhome%2Faddons%5Cscript.limpiarkodi%5Cfanart.jpg%26meta%3Dlabel%253DLimpia%252BTu%252BKodi%26_options_sf&quot;,return)</favourite>
	<favourite name="Salir" thumb="">ExecuteBuiltin(&quot;Quit&quot;)</favourite>
	<favourite name="Apagar" thumb="">ExecuteBuiltin(&quot;Shutdown&quot;)</favourite>
	<favourite name="Reiniciar" thumb="">ExecuteBuiltin(&quot;Quit&quot;)</favourite>
	<favourite name="Reiniciar a Android (solo desde Libreelec)" thumb="">System.Exec(/usr/sbin/rebootfromnand)</favourite>
	<favourite name="Volver a Menu Principal" thumb="">ActivateWindow(home,&quot;home&quot;,return)</favourite>
</favourites>