<favourites>
	<favourite name="Musicoteca personal" thumb="DefaultFolder.png">ActivateWindow(&quot;library://music/&quot;,&quot;library://music/&quot;,return)</favourite>
	<favourite name="Karaoke - Festa" thumb="https://i.imgur.com/sffqiWB.jpg">ActivateWindow(10025,&quot;plugin://plugin.video.festa/?fanart=https%3a%2f%2fi.imgur.com%2fsffqiWB.jpg&amp;mode=1&amp;name=%5bCOLOR%20yellow%5d%2aFESTA%2a%5b%2fCOLOR%5d%20%5bCOLOR%20white%5dKARAOKE%5b%2fCOLOR%5d&amp;url=https%3a%2f%2fpastebin.com%2fraw%2fxyj2HCqP&amp;sf_options=fanart%3Dhttps%3A%2F%2Fi.imgur.com%2FsffqiWB.jpg%26meta%3Dvotes%253D0%2526label%253D%25255BCOLOR%252Byellow%25255D%25252AFESTA%25252A%25255B%25252FCOLOR%25255D%252B%25255BCOLOR%252Bwhite%25255DKARAOKE%25255B%25252FCOLOR%25255D%2526title%253D%25255BCOLOR%252Byellow%25255D%25252AFESTA%25252A%25255B%25252FCOLOR%25255D%252B%25255BCOLOR%252Bwhite%25255DKARAOKE%25255B%25252FCOLOR%25255D%26_options_sf&quot;,return)</favourite>
	<favourite name="Musica - Next" thumb="special://home/addons\plugin.video.next\icon.png">ActivateWindow(10025,&quot;plugin://plugin.video.next/?sf_options=fanart%3Dspecial%3A%2F%2Fhome%2Faddons%5Cplugin.video.next%5Cfanart.jpg%26meta%3Dlabel%253D%25255BCOLOR%252Bblue%25255DNEXT%25255B%25252FCOLOR%25255D%26_options_sf&quot;,return)</favourite>
	<favourite name="Musica - Musicando" thumb="special://home/addons\plugin.video.musicando\icon.png">ActivateWindow(10025,&quot;plugin://plugin.video.musicando/?content_type=video&amp;sf_options=fanart%3Dspecial%3A%2F%2Fhome%2Faddons%5Cplugin.video.musicando%5Cfanart.jpg%26meta%3Dlabel%253DMusicando%26_options_sf&quot;,return)</favourite>
	<favourite name="Musica - Now Thats What I Call Music" thumb="special://home/addons\plugin.video.now_music\icon.png">ActivateWindow(10502,&quot;plugin://plugin.video.now_music/?sf_options=fanart%3Dspecial%3A%2F%2Fhome%2Faddons%5Cplugin.video.now_music%5Cfanart.jpg%26meta%3Dlabel%253DNow%252BThats%252BWhat%252BI%252BCall%252BMusic%26_options_sf&quot;,return)</favourite>
	<favourite name="Radio" thumb="special://home/addons\plugin.audio.radio_de\icon.png">ActivateWindow(10502,&quot;plugin://plugin.audio.radio_de/?sf_options=meta%3Dlabel%253DRadio%26_options_sf&quot;,return)</favourite>
	<favourite name="Radio de España" thumb="DefaultFolder.png">ActivateWindow(10502,&quot;plugin://plugin.audio.radio_de/stations/country/Spain/?sf_options=meta%3Dlabel%253DSpain%26_options_sf&quot;,return)</favourite>
</favourites>