<?xml version="1.0" encoding="UTF-8" standalone="yes"?>
<addon id="script.module.upconf"
       name="Vindibox Conf"
       version="0.5.01"
       provider-name="Blackgem">
  <requires>
    <import addon="xbmc.python" version="2.1.0"/>

  </requires>
  <extension point="xbmc.python.pluginsource" library="default.py">
	<provides>executable</provides>
  </extension>

  <extension point="xbmc.addon.metadata">
    <summary>Creado por Blackgem Vindicare</summary>
    <description>Vindicare 2017</description>
    <platform>all</platform>
  </extension>
</addon>
