<favourites>
	<favourite name="Gestor de Archivos (Añadir contenido multimedia y fuentes)" thumb="">ActivateWindow(filemanager,&quot;filemanager&quot;,return)</favourite>
	<favourite name="Addons - actualizaciones disponibles" thumb="DefaultAddonsUpdates.png">ActivateWindow(10040,&quot;addons://outdated/?sf_options=meta%3Dlabel%253DActualizaciones%252Bdisponibles%26_options_sf&quot;,return)</favourite>
	<favourite name="Addons - Instalar desde un repositorio a elegir" thumb="DefaultAddonsRepo.png">ActivateWindow(10040,&quot;addons://repos/?sf_options=meta%3Dlabel%253DInstalar%252Bdesde%252Brepositorio%26_options_sf&quot;,return)</favourite>
	<favourite name="Los .zip instalarlos desde Ajustes, addons, instalar desde un archivo .zip" thumb="">ActivateWindow(Settings,&quot;Settings&quot;,return)</favourite>
	<favourite name="--------------------" thumb=""></favourite>
	<favourite name="Con estos opciones tambien podras desactivar" thumb=""></favourite>
	<favourite name="o desinstalar addons que no utilices" thumb=""></favourite>
	<favourite name="para mayor fluidez en tu dispositivo" thumb=""></favourite>
	<favourite name="--------------------" thumb=""></favourite>
	<favourite name="Asistente Addons famosos (actualizar a ultima version)." thumb="special://home/addons\repository.Vindibox\icon.png">ActivateWindow(10040,&quot;addons://repository.Vindibox/?sf_options=fanart%3Dspecial%3A%2F%2Fhome%2Faddons%5Crepository.Vindibox%5Cfanart.jpg%26meta%3Dlabel%253DVindibox%252BRepo%26_options_sf&quot;,return)</favourite>
	<favourite name="Instalar otros desde Canal Nereo (pulsar aqui)" thumb="DefaultAddonVideo.png">ActivateWindow(10040,&quot;addons://repository.CanalNereo/xbmc.addon.video?sf_options=meta%3Dlabel%253DAdd-ons%252Bde%252Bv%2525C3%2525ADdeo%26_options_sf&quot;,return)</favourite>
	<favourite name="Instalar otros desde Maniac (pulsar aqui)" thumb="special://home/addons\repository.Maniac\icon.png">ActivateWindow(10040,&quot;addons://repository.Maniac/?sf_options=fanart%3Dspecial%3A%2F%2Fhome%2Faddons%5Crepository.Maniac%5Cfanart.jpg%26meta%3Dlabel%253DManiac%252Brepository%26_options_sf&quot;,return)</favourite>
	<favourite name="Configurar TV en Vivo - Clientes PVR (IPTV, Deco, Tveheadend...)" thumb="DefaultAddonPVRClient.png">ActivateWindow(10040,&quot;addons://user/xbmc.pvrclient&quot;,return)</favourite>
	<favourite name="Instalar Pequelandia (Actividades extras para peques)" thumb="special://home/addons\plugin.video.pequelandia\icon.png">ActivateWindow(10025,&quot;plugin://plugin.video.pequelandia/?sf_options=fanart%3Dspecial%3A%2F%2Fhome%2Faddons%5Cplugin.video.pequelandia%5Cfanart.jpg%26meta%3Dlabel%253D%25255BCOLOR%252Bgold%25255DPEQUELANDIA%25255B%25252FCOLOR%25255D%26_options_sf&quot;,return)</favourite>
	<favourite name="Instalar Plex oficial (conexiones a servidores Plex)" thumb="special://home/addons\script.plex\icon.png">ActivateWindow(10025,&quot;plugin://script.plex/?sf_options=fanart%3Dspecial%3A%2F%2Fhome%2Faddons%5Cscript.plex%5Cfanart.jpg%26meta%3Dlabel%253DPlex%26_options_sf&quot;)</favourite>
	<favourite name="Instalar ArenaVision EZY (MOD solo para Kodi 16)" thumb="special://home/addons\plugin.video.arenavisionezy\icon.png">ActivateWindow(10025,&quot;plugin://plugin.video.arenavisionezy/?sf_options=fanart%3Dspecial%3A%2F%2Fhome%2Faddons%5Cplugin.video.arenavisionezy%5Cfanart.jpg%26meta%3Dlabel%253DArenaVision%252BEZY%252B%252528MOD%252529%26_options_sf&quot;,return)</favourite>
	<favourite name="Instalar para torrents 1 - Elementum (preconfig para uso en ram)" thumb="special://home/addons\plugin.video.elementum\icon.png">ActivateWindow(10025,&quot;plugin://plugin.video.elementum/?sf_options=meta%3Dlabel%253DElementum%26_options_sf&quot;,return)</favourite>
	<favourite name="Instalar para torrents 2 - Quasar" thumb="special://home/addons\plugin.video.quasar\icon.png">ActivateWindow(10025,&quot;plugin://plugin.video.quasar/?sf_options=fanart%3Dspecial%3A%2F%2Fhome%2Faddons%5Cplugin.video.quasar%5Cfanart.jpg%26meta%3Dlabel%253DQuasar%26_options_sf&quot;,return)</favourite>
	<favourite name="Instalar para torrents 3 - Torrenter" thumb="special://home/addons\plugin.video.torrenter\icon.png">ActivateWindow(10025,&quot;plugin://plugin.video.torrenter/?sf_options=meta%3Dlabel%253DTorrenter%26_options_sf&quot;,return)</favourite>
	<favourite name="Instalador de Apk - Vindiconf" thumb="special://home/addons/plugin.program.vindiconf/resources/art/android.png">ActivateWindow(10001,&quot;plugin://plugin.program.vindiconf/?mode=apk&amp;sf_options=fanart%3Dspecial%3A%2F%2Fhome%2Faddons%2Fplugin.program.vindiconf%2Ffanart.jpg%26meta%3Dplot%253DVindiConf%2526votes%253D0%2526label%253D%25255BCOLOR%252Bdodgerblue%25255D%25255BB%25255D%25255BI%25255D%252528%25255BCOLOR%252Bwhite%25255DVindiConf%25255B%25252FCOLOR%25255D%252529%25255B%25252FB%25255D%25255B%25252FCOLOR%25255D%252B%25255BCOLOR%252Bwhite%25255DInstalador%252Bde%252BApk%25255B%25252FCOLOR%25255D%25255B%25252FI%25255D%2526title%253D%25255BCOLOR%252Bdodgerblue%25255D%25255BB%25255D%25255BI%25255D%252528%25255BCOLOR%252Bwhite%25255DVindiConf%25255B%25252FCOLOR%25255D%252529%25255B%25252FB%25255D%25255B%25252FCOLOR%25255D%252B%25255BCOLOR%252Bwhite%25255DInstalador%252Bde%252BApk%25255B%25252FCOLOR%25255D%25255B%25252FI%25255D%26desc%3DVindiConf%26_options_sf&quot;,return)</favourite>
	<favourite name="Mantenimiento - Vindiconf" thumb="special://home/addons/plugin.program.vindiconf/resources/art/doc.png">ActivateWindow(10001,&quot;plugin://plugin.program.vindiconf/?mode=maint&amp;sf_options=fanart%3Dspecial%3A%2F%2Fhome%2Faddons%2Fplugin.program.vindiconf%2Ffanart.jpg%26meta%3Dplot%253DVindiConf%2526votes%253D0%2526label%253D%25255BCOLOR%252Bdodgerblue%25255D%25255BB%25255D%25255BI%25255D%252528%25255BCOLOR%252Bwhite%25255DVindiConf%25255B%25252FCOLOR%25255D%252529%25255B%25252FB%25255D%25255B%25252FCOLOR%25255D%252B%25255BCOLOR%252Bwhite%25255DMantenimiento%25255B%25252FCOLOR%25255D%25255B%25252FI%25255D%2526title%253D%25255BCOLOR%252Bdodgerblue%25255D%25255BB%25255D%25255BI%25255D%252528%25255BCOLOR%252Bwhite%25255DVindiConf%25255B%25252FCOLOR%25255D%252529%25255B%25252FB%25255D%25255B%25252FCOLOR%25255D%252B%25255BCOLOR%252Bwhite%25255DMantenimiento%25255B%25252FCOLOR%25255D%25255B%25252FI%25255D%26desc%3DVindiConf%26_options_sf&quot;,return)</favourite>
	<favourite name="--------------------" thumb="">null</favourite>
	<favourite name="Info del Sistema" thumb="">ActivateWindow(systeminfo,&quot;systeminfo&quot;,return)</favourite>
	<favourite name="Ajustes" thumb="">ActivateWindow(Settings,&quot;Settings&quot;,return)</favourite>
	<favourite name="Ajustes del Skin" thumb="">ActivateWindow(skinsettings,&quot;skinsettings&quot;,return)</favourite>
	<favourite name="Cache, imagenes, paquetes - Limpia Tu Kodi" thumb="special://home/addons\script.limpiarkodi\icon.png">ActivateWindow(10001,&quot;plugin://script.limpiarkodi/?sf_options=fanart%3Dspecial%3A%2F%2Fhome%2Faddons%5Cscript.limpiarkodi%5Cfanart.jpg%26meta%3Dlabel%253DLimpia%252BTu%252BKodi%26_options_sf&quot;,return)</favourite>
	<favourite name="Salir" thumb="">ExecuteBuiltin(&quot;Quit&quot;)</favourite>
	<favourite name="Apagar" thumb="">ExecuteBuiltin(&quot;Shutdown&quot;)</favourite>
	<favourite name="Reiniciar" thumb="">ExecuteBuiltin(&quot;Quit&quot;)</favourite>
	<favourite name="Reiniciar a Android (solo desde Libreelec)" thumb="">System.Exec(/usr/sbin/rebootfromnand)</favourite>
	<favourite name="Volver a Menu Principal" thumb="">ActivateWindow(home,&quot;home&quot;,return)</favourite>
	<favourite name="--------------------" thumb="">null</favourite>
	<favourite name="Proyecto realizado a nivel internacional siguiendo leyes de EEUU no almacenando ni promoviendo usos ilegitimos de este, por favor use los programas solo si en su pais permite su uso y/o tiene acceso a las licencias oportunas para el uso del contenido que este le facilite (ej: HBO o Bein Sport que no da app para Android TV)" thumb="">null</favourite>
	<favourite name="En caso de duda, desinstale todo componente o aplicacion dudosa para su persona." thumb="">null</favourite>
</favourites>