<favourites>
	<favourite name="Gestor de Archivos (Añadir contenido multimedia y fuentes)" thumb="">ActivateWindow(filemanager,&quot;filemanager&quot;,return)</favourite>
	<favourite name="Addons - actualizaciones disponibles" thumb="DefaultAddonsUpdates.png">ActivateWindow(10040,&quot;addons://outdated/?sf_options=meta%3Dlabel%253DActualizaciones%252Bdisponibles%26_options_sf&quot;,return)</favourite>
	<favourite name="Addons - Instalar desde un repositorio a elegir" thumb="DefaultAddonsRepo.png">ActivateWindow(10040,&quot;addons://repos/?sf_options=meta%3Dlabel%253DInstalar%252Bdesde%252Brepositorio%26_options_sf&quot;,return)</favourite>
	<favourite name="Los .zip instalarlos desde Ajustes, addons, instalar desde un archivo .zip" thumb="">ActivateWindow(Settings,&quot;Settings&quot;,return)</favourite>
	<favourite name="--------------------" thumb=""></favourite>
	<favourite name="Con estos opciones tambien podras desactivar" thumb=""></favourite>
	<favourite name="o desinstalar addons que no utilices" thumb=""></favourite>
	<favourite name="para mayor fluidez en tu dispositivo" thumb=""></favourite>
	<favourite name="--------------------" thumb=""></favourite>
	<favourite name="Asistente Addons famosos (actualizar a ultima version)." thumb="special://home/addons\repository.Vindibox\icon.png">ActivateWindow(10040,&quot;addons://repository.Vindibox/?sf_options=fanart%3Dspecial%3A%2F%2Fhome%2Faddons%5Crepository.Vindibox%5Cfanart.jpg%26meta%3Dlabel%253DVindibox%252BRepo%26_options_sf&quot;,return)</favourite>
	<favourite name="Instalar otros desde Canal Nereo (pulsar aqui)" thumb="DefaultAddonVideo.png">ActivateWindow(10040,&quot;addons://repository.CanalNereo/xbmc.addon.video?sf_options=meta%3Dlabel%253DAdd-ons%252Bde%252Bv%2525C3%2525ADdeo%26_options_sf&quot;,return)</favourite>
	<favourite name="Instalar otros desde Maniac (pulsar aqui)" thumb="special://home/addons\repository.Maniac\icon.png">ActivateWindow(10040,&quot;addons://repository.Maniac/?sf_options=fanart%3Dspecial%3A%2F%2Fhome%2Faddons%5Crepository.Maniac%5Cfanart.jpg%26meta%3Dlabel%253DManiac%252Brepository%26_options_sf&quot;,return)</favourite>
	<favourite name="Configurar TV en Vivo - Clientes PVR (IPTV, Deco, Tveheadend...)" thumb="DefaultAddonPVRClient.png">ActivateWindow(10040,&quot;addons://user/xbmc.pvrclient&quot;,return)</favourite>
	<favourite name="Pequelandia (Actividades extras para peques)" thumb="special://home/addons\plugin.video.pequelandia\icon.png">ActivateWindow(10025,&quot;plugin://plugin.video.pequelandia/?sf_options=fanart%3Dspecial%3A%2F%2Fhome%2Faddons%5Cplugin.video.pequelandia%5Cfanart.jpg%26meta%3Dlabel%253D%25255BCOLOR%252Bgold%25255DPEQUELANDIA%25255B%25252FCOLOR%25255D%26_options_sf&quot;,return)</favourite>
	<favourite name="Plex oficial (conexiones a servidores Plex)" thumb="special://home/addons\script.plex\icon.png">ActivateWindow(10025,&quot;plugin://script.plex/?sf_options=fanart%3Dspecial%3A%2F%2Fhome%2Faddons%5Cscript.plex%5Cfanart.jpg%26meta%3Dlabel%253DPlex%26_options_sf&quot;)</favourite>
	<favourite name="ArenaVision EZY (MOD solo para Kodi 16)" thumb="special://home/addons\plugin.video.arenavisionezy\icon.png">ActivateWindow(10025,&quot;plugin://plugin.video.arenavisionezy/?sf_options=fanart%3Dspecial%3A%2F%2Fhome%2Faddons%5Cplugin.video.arenavisionezy%5Cfanart.jpg%26meta%3Dlabel%253DArenaVision%252BEZY%252B%252528MOD%252529%26_options_sf&quot;,return)</favourite>
</favourites>