<favourites>
	<favourite name="Documentales - Explora" thumb="special://home/addons\plugin.video.Explora\icon.png">ActivateWindow(10025,&quot;plugin://plugin.video.Explora/?sf_options=fanart%3Dspecial%3A%2F%2Fhome%2Faddons%5Cplugin.video.Explora%5Cfanart.jpg%26meta%3Dlabel%253DExplora%26desc%3DTodos+los+documentales+en+castellano%2C+la+videoteca+que+no+deja+de+crecer+%21+...+Este+addon+requiere+de+plugin+f4mTester+de+shani+para+funcionar.%26_options_sf&quot;,return)</favourite>
	<favourite name="Documentales - Planeta" thumb="special://home/addons\plugin.video.Planeta\icon.png">ActivateWindow(10025,&quot;plugin://plugin.video.Planeta/?sf_options=fanart%3Dspecial%3A%2F%2Fhome%2Faddons%5Cplugin.video.Planeta%5Cfanart.jpg%26meta%3Dlabel%253DPlaneta%26_options_sf&quot;,return)</favourite>
	<favourite name="Documentales - ADNStream TVaLaCarta" thumb="http://media.tvalacarta.info/tvalacarta/squares/adnstream.png">ActivateWindow(10025,&quot;plugin://plugin.video.tvalacarta/?action=mainlist&amp;category=adnstream&amp;channel=adnstream&amp;sf_options=meta%3Dlabel%253DADNStream%26_options_sf&quot;,return)</favourite>
	<favourite name="Documentales - Discovery Max TVaLaCarta" thumb="http://media.tvalacarta.info/tvalacarta/squares/discoverymax.png">ActivateWindow(10025,&quot;plugin://plugin.video.tvalacarta/?action=mainlist&amp;category=discoverymax&amp;channel=discoverymax&amp;sf_options=meta%3Dlabel%253DDiscovery%252BMax%26_options_sf&quot;,return)</favourite>
	<favourite name="Documentales - Hogarutil TVaLaCarta" thumb="http://media.tvalacarta.info/tvalacarta/squares/hogarutil.png">ActivateWindow(10025,&quot;plugin://plugin.video.tvalacarta/?action=mainlist&amp;category=hogarutil&amp;channel=hogarutil&amp;sf_options=meta%3Dlabel%253DHogarutil%26_options_sf&quot;,return)</favourite>
	<favourite name="Documentales - Festa" thumb="https://i.imgur.com/vY9RufH.jpg">ActivateWindow(10025,&quot;plugin://plugin.video.festa/?fanart=http%3a%2f%2fwww.caraotadigital.net%2fwp-content%2fuploads%2f2017%2f09%2fegipto.jpg&amp;mode=1&amp;name=%5bCOLOR%20yellow%5d%2aFESTA%2a%5b%2fCOLOR%5d%20%5bCOLOR%20white%5dDOCUMENTALES%5b%2fCOLOR%5d&amp;url=https%3a%2f%2fpastebin.com%2fraw%2fZWJuvmmG&amp;sf_options=fanart%3Dhttp%3A%2F%2Fwww.caraotadigital.net%2Fwp-content%2Fuploads%2F2017%2F09%2Fegipto.jpg%26meta%3Dvotes%253D0%2526label%253D%25255BCOLOR%252Byellow%25255D%25252AFESTA%25252A%25255B%25252FCOLOR%25255D%252B%25255BCOLOR%252Bwhite%25255DDOCUMENTALES%25255B%25252FCOLOR%25255D%2526title%253D%25255BCOLOR%252Byellow%25255D%25252AFESTA%25252A%25255B%25252FCOLOR%25255D%252B%25255BCOLOR%252Bwhite%25255DDOCUMENTALES%25255B%25252FCOLOR%25255D%26_options_sf&quot;,return)</favourite>
	<favourite name="Peliculas - Cine" thumb="special://home/addons/plugin.video.cine/icon.png">ActivateWindow(10025,&quot;plugin://plugin.video.cine/&quot;,return)</favourite>
	<favourite name="Peliculas - Palantir" thumb="special://home/addons\plugin.video.palantir\icon.png">ActivateWindow(10025,&quot;plugin://plugin.video.palantir/?sf_options=fanart%3Dspecial%3A%2F%2Fhome%2Faddons%5Cplugin.video.palantir%5Cfanart.jpg%26meta%3Dlabel%253D%25255BCOLOR%252Bgold%25255DPalantir%25255B%25252FCOLOR%25255D%26desc%3DVisualiza+el+contenido+de+la+nube%2C+series%2C+pel%C3%ADculas.%26_options_sf&quot;,return)</favourite>
	<favourite name="Peliculas - Adryanlist" thumb="https://raw.githubusercontent.com/adrianhn/adryanlist/master/adryan/img/peliculas.png">ActivateWindow(10025,&quot;plugin://plugin.video.adryanlist/?fanart=https%3a%2f%2fraw.githubusercontent.com%2fadrianhn%2fadryanlist%2fmaster%2fadryan%2fimg%2ffanart.jpg&amp;mode=1&amp;name=Peliculas&amp;url=https%3a%2f%2fraw.githubusercontent.com%2fadrianhn%2fadryanlist%2fmaster%2fadryan%2fpyt_vod.xml&amp;sf_options=fanart%3Dhttps%3A%2F%2Fraw.githubusercontent.com%2Fadrianhn%2Fadryanlist%2Fmaster%2Fadryan%2Fimg%2Ffanart.jpg%26meta%3Dvotes%253D0%2526label%253DPeliculas%2526title%253DPeliculas%26_options_sf&quot;,return)</favourite>
	<favourite name="Series - Palantir" thumb="special://home/addons\plugin.video.palantir\resources/media//menu_serie.png">ActivateWindow(10025,&quot;plugin://plugin.video.palantir/?action=series_menu&amp;sf_options=fanart%3Dspecial%3A%2F%2Fhome%2Faddons%5Cplugin.video.palantir%5Cresources%2Fmedia%2F%2Ffanart_palantir.jpg%26meta%3Dlabel%253D%25255BCOLOR%252Bgold%25255D%25255BB%25255DMenu%252BSeries%25255B%25252FB%25255D%25255B%25252FCOLOR%25255D%26_options_sf&quot;,return)</favourite>
	<favourite name="Series - Adryanlist" thumb="https://raw.githubusercontent.com/adrianhn/adryanlist/master/adryan/img/series.png">ActivateWindow(10025,&quot;plugin://plugin.video.adryanlist/?fanart=https%3a%2f%2fraw.githubusercontent.com%2fadrianhn%2fadryanlist%2fmaster%2fadryan%2fimg%2ffanart.jpg&amp;mode=1&amp;name=Series%20de%20TV%20&amp;url=https%3a%2f%2fraw.githubusercontent.com%2fadrianhn%2fadryanlist%2fmaster%2fadryan%2fgnula.xml&amp;sf_options=fanart%3Dhttps%3A%2F%2Fraw.githubusercontent.com%2Fadrianhn%2Fadryanlist%2Fmaster%2Fadryan%2Fimg%2Ffanart.jpg%26meta%3Dvotes%253D0%2526label%253DSeries%252Bde%252BTV%252B%2526title%253DSeries%252Bde%252BTV%252B%26_options_sf&quot;,return)</favourite>
	<favourite name="Dibujos - Adryanlist" thumb="https://raw.githubusercontent.com/adrianhn/adryanlist/master/adryan/img/kids.png">ActivateWindow(10025,&quot;plugin://plugin.video.adryanlist/?fanart=https%3a%2f%2fraw.githubusercontent.com%2fadrianhn%2fadryanlist%2fmaster%2fadryan%2fimg%2ffanart.jpg&amp;mode=1&amp;name=KIDS%20%5bCOLOR%20lightslategray%5dPeliculas%20Infantiles%20%5b%2fCOLOR%5d&amp;url=https%3a%2f%2fraw.githubusercontent.com%2fadrianhn%2fadryanlist%2fmaster%2fadryan%2finfantiles.xml&amp;sf_options=fanart%3Dhttps%3A%2F%2Fraw.githubusercontent.com%2Fadrianhn%2Fadryanlist%2Fmaster%2Fadryan%2Fimg%2Ffanart.jpg%26meta%3Dvotes%253D0%2526label%253DKIDS%252B%25255BCOLOR%252Blightslategray%25255DPeliculas%252BInfantiles%252B%25255B%25252FCOLOR%25255D%2526title%253DKIDS%252B%25255BCOLOR%252Blightslategray%25255DPeliculas%252BInfantiles%252B%25255B%25252FCOLOR%25255D%26_options_sf&quot;,return)</favourite>
	<favourite name="Contenido de Webs - Alfa" thumb="https://raw.githubusercontent.com/alfa-addon/media/master/themes/dark\thumb_search.png">ActivateWindow(10025,&quot;plugin://plugin.video.alfa/&quot;,return)</favourite>
	<favourite name="Buscador en Servidores - CopiaDB" thumb="special://home/addons\plugin.video.copiadb\icon.png">ActivateWindow(10025,&quot;plugin://plugin.video.copiadb/?sf_options=fanart%3Dspecial%3A%2F%2Fhome%2Faddons%5Cplugin.video.copiadb%5Cfanart.jpg%26meta%3Dlabel%253DCopiaDB%26_options_sf&quot;,return)</favourite>
</favourites>