<favourites>
	<favourite name="Addons - actualizaciones disponibles" thumb="DefaultAddonsUpdates.png">ActivateWindow(10040,&quot;addons://outdated/?sf_options=meta%3Dlabel%253DActualizaciones%252Bdisponibles%26_options_sf&quot;,return)</favourite>
	<favourite name="[INACTIVO] Addons - Instalar desde un archivo .zip" thumb="DefaultAddonsZip.png">PlayMedia(&quot;addons://install/?sf_options=meta%3Dlabel%253DInstalar%252Bdesde%252Bun%252Barchivo%252B.zip%26winID%3D10040%26_options_sf&quot;)</favourite>
	<favourite name="Addons - Instalar desde un repositorio a elegir" thumb="DefaultAddonsRepo.png">ActivateWindow(10040,&quot;addons://repos/?sf_options=meta%3Dlabel%253DInstalar%252Bdesde%252Brepositorio%26_options_sf&quot;,return)</favourite>
	<favourite name="--------------------" thumb=""></favourite>
	<favourite name="Con estos opciones tambien podras desactivar" thumb=""></favourite>
	<favourite name="o desinstalar addons que no utilices" thumb=""></favourite>
	<favourite name="para mayor fluidez en tu dispositivo" thumb=""></favourite>
	<favourite name="--------------------" thumb=""></favourite>
	<favourite name="Asistente Addons famosos (actualizar a ultima version)." thumb="special://home/addons\repository.Vindibox\icon.png">ActivateWindow(10040,&quot;addons://repository.Vindibox/?sf_options=fanart%3Dspecial%3A%2F%2Fhome%2Faddons%5Crepository.Vindibox%5Cfanart.jpg%26meta%3Dlabel%253DVindibox%252BRepo%26_options_sf&quot;,return)</favourite>
	<favourite name="[COLOR red]Instalar desde Canal Nereo (pulsar aqui)[/COLOR]" thumb="DefaultAddonVideo.png">ActivateWindow(10040,&quot;addons://repository.CanalNereo/xbmc.addon.video?sf_options=meta%3Dlabel%253DAdd-ons%252Bde%252Bv%2525C3%2525ADdeo%26_options_sf&quot;,return)</favourite>
	<favourite name="--------------------" thumb="">null</favourite>

	<favourite name="[COLOR goldenrod]JHG.MASTER.3.0 [/COLOR] - Variado" thumb="https://raw.githubusercontent.com/canalnereo/RepoCanalNereo/master/Repositorio/plugin.video.JHG.MASTER.3.0/icon.png">PlayMedia(&quot;addons://repository.CanalNereo/plugin.video.JHG.MASTER.3.0?sf_options=fanart%3Dhttps%3A%2F%2Fraw.githubusercontent.com%2Fcanalnereo%2FRepoCanalNereo%2Fmaster%2FRepositorio%2Fplugin.video.JHG.MASTER.3.0%2Ffanart.jpg%26meta%3Dlabel%253D%25255BCOLOR%252Bgoldenrod%25255DJHG.MASTER.3.0%252B%25255B%25252FCOLOR%25255D%26winID%3D10040%26_options_sf&quot;)</favourite>
	<favourite name="[COLOR lime]FESTA[/COLOR] - Karaoke y otros" thumb="https://raw.githubusercontent.com/canalnereo/RepoCanalNereo/master/Repositorio/plugin.video.festa/icon.png">PlayMedia(&quot;addons://repository.CanalNereo/plugin.video.festa?sf_options=fanart%3Dhttps%3A%2F%2Fraw.githubusercontent.com%2Fcanalnereo%2FRepoCanalNereo%2Fmaster%2FRepositorio%2Fplugin.video.festa%2Ffanart.jpg%26meta%3Dlabel%253D%25255BCOLOR%252Blime%25255DFESTA%25255B%25252FCOLOR%25255D%26winID%3D10040%26_options_sf&quot;)</favourite>
	<favourite name="ArenaVision EZY (MOD) - Deportes para Kodi 16" thumb="https://raw.githubusercontent.com/canalnereo/RepoCanalNereo/master/Repositorio/plugin.video.arenavisionezy/icon.png">PlayMedia(&quot;addons://repository.CanalNereo/plugin.video.arenavisionezy?sf_options=fanart%3Dhttps%3A%2F%2Fraw.githubusercontent.com%2Fcanalnereo%2FRepoCanalNereo%2Fmaster%2FRepositorio%2Fplugin.video.arenavisionezy%2Ffanart.jpg%26meta%3Dlabel%253DArenaVision%252BEZY%252B%252528MOD%252529%26winID%3D10040%26_options_sf&quot;)</favourite>
	<favourite name="AvEZY - Deportes para Kodi 17" thumb="https://raw.githubusercontent.com/canalnereo/RepoCanalNereo/master/Repositorio/plugin.video.avezy/icon.png">PlayMedia(&quot;addons://repository.CanalNereo/plugin.video.avezy?sf_options=fanart%3Dhttps%3A%2F%2Fraw.githubusercontent.com%2Fcanalnereo%2FRepoCanalNereo%2Fmaster%2FRepositorio%2Fplugin.video.avezy%2Ffanart.jpg%26meta%3Dlabel%253DAvEZY%26winID%3D10040%26_options_sf&quot;)</favourite>
	<favourite name="Explora - Documentales" thumb="https://raw.githubusercontent.com/canalnereo/RepoCanalNereo/master/Repositorio/plugin.video.Explora/icon.png">PlayMedia(&quot;addons://repository.CanalNereo/plugin.video.Explora?sf_options=fanart%3Dhttps%3A%2F%2Fraw.githubusercontent.com%2Fcanalnereo%2FRepoCanalNereo%2Fmaster%2FRepositorio%2Fplugin.video.Explora%2Ffanart.jpg%26meta%3Dlabel%253DExplora%26winID%3D10040%26_options_sf&quot;)</favourite>
	<favourite name="Planeta - Documentales" thumb="https://raw.githubusercontent.com/canalnereo/RepoCanalNereo/master/Repositorio/plugin.video.Planeta/icon.png">PlayMedia(&quot;addons://repository.CanalNereo/plugin.video.Planeta?sf_options=fanart%3Dhttps%3A%2F%2Fraw.githubusercontent.com%2Fcanalnereo%2FRepoCanalNereo%2Fmaster%2FRepositorio%2Fplugin.video.Planeta%2Ffanart.jpg%26meta%3Dlabel%253DPlaneta%26winID%3D10040%26_options_sf&quot;)</favourite>
	<favourite name="[COLOR gold]Palantir[/COLOR] - Peliculas y series" thumb="https://raw.githubusercontent.com/canalnereo/RepoCanalNereo/master/Repositorio/plugin.video.palantir/icon.png">PlayMedia(&quot;addons://repository.CanalNereo/plugin.video.palantir?sf_options=fanart%3Dhttps%3A%2F%2Fraw.githubusercontent.com%2Fcanalnereo%2FRepoCanalNereo%2Fmaster%2FRepositorio%2Fplugin.video.palantir%2Ffanart.gif%26meta%3Dlabel%253D%25255BCOLOR%252Bgold%25255DPalantir%25255B%25252FCOLOR%25255D%26winID%3D10040%26_options_sf&quot;)</favourite>
	<favourite name="[COLOR gold]PEQUELANDIA[/COLOR] - Actividades para peques" thumb="https://raw.githubusercontent.com/canalnereo/RepoCanalNereo/master/Repositorio/plugin.video.pequelandia/icon.png">PlayMedia(&quot;addons://repository.CanalNereo/plugin.video.pequelandia?sf_options=fanart%3Dhttps%3A%2F%2Fraw.githubusercontent.com%2Fcanalnereo%2FRepoCanalNereo%2Fmaster%2FRepositorio%2Fplugin.video.pequelandia%2Ffanart.jpg%26meta%3Dlabel%253D%25255BCOLOR%252Bgold%25255DPEQUELANDIA%25255B%25252FCOLOR%25255D%26winID%3D10040%26_options_sf&quot;)</favourite>
	<favourite name="--------------------" thumb=""></favourite>
	<favourite name="[COLOR red]Instalar desde Repositorio Kodi Oficial,[/COLOR]" thumb="DefaultAddonVideo.png">ActivateWindow(10040,&quot;addons://repository.xbmc.org/xbmc.addon.video?sf_options=meta%3Dlabel%253DAdd-ons%252Bde%252Bv%2525C3%2525ADdeo%26_options_sf&quot;,return)</favourite>
	<favourite name="[COLOR red]addons de vídeo (pulsar aqui)[/COLOR]" thumb="DefaultAddonVideo.png">ActivateWindow(10040,&quot;addons://repository.xbmc.org/xbmc.addon.video?sf_options=meta%3Dlabel%253DAdd-ons%252Bde%252Bv%2525C3%2525ADdeo%26_options_sf&quot;,return)</favourite>
	<favourite name="Plex - conexion a servidores Plex" thumb="http://mirrors.kodi.tv/addons/krypton/script.plex/icon.png">PlayMedia(&quot;addons://repository.xbmc.org/script.plex?sf_options=fanart%3Dhttp%3A%2F%2Fmirrors.kodi.tv%2Faddons%2Fkrypton%2Fscript.plex%2Ffanart.jpg%26meta%3Dlabel%253DPlex%26winID%3D10040%26_options_sf&quot;)</favourite>
	<favourite name="--------------------" thumb=""></favourite>
	<favourite name="[COLOR red]Viene preinstalado. Activar en Ajustes,[/COLOR]" thumb=""></favourite>
	<favourite name="[COLOR red]addons, mis addons, cliente PVR[/COLOR]" thumb=""></favourite>
	<favourite name="PVR IPTV Simple Client - Cliente IPTV" thumb="E:\Otros\archivosvarios\KodisPortable\Kodi17Pruebas\addons\pvr.iptvsimple\icon.png">ActivateWindow(10025,&quot;plugin://pvr.iptvsimple?sf_options=meta%3Dlabel%253DPVR%252BIPTV%252BSimple%252BClient%26_options_sf&quot;,return)</favourite>
	<favourite name="--------------------" thumb=""></favourite>
	<favourite name="Repositorio AdryanLyst Add-ons de vídeo Adryanlist - variado, canales y latino" thumb="DefaultAddonVideo.png">ActivateWindow(10040,&quot;addons://repository.adryan/xbmc.addon.video?sf_options=meta%3Dlabel%253DAdd-ons%252Bde%252Bv%2525C3%2525ADdeo%26_options_sf&quot;,return)</favourite>
</favourites>