<favourites>
	<favourite name="Android menu de apps" thumb="">ActivateWindow(&quot;androidapp://sources/apps/&quot;,&quot;androidapp://sources/apps/&quot;,return)</favourite>
	<favourite name="Info del Sistema" thumb="">ActivateWindow(systeminfo,&quot;systeminfo&quot;,return)</favourite>
	<favourite name="Archivos" thumb="">ActivateWindow(filemanager,&quot;filemanager&quot;,return)</favourite>
	<favourite name="Addons de vídeo" thumb="DefaultAddonVideo.png">ActivateWindow(10025,&quot;library://video/addons.xml/&quot;,return)</favourite>
	<favourite name="Addons de programas" thumb="DefaultAddonProgram.png">ActivateWindow(10001,&quot;addons://sources/executable/&quot;,return)</favourite>
	<favourite name="Addons de imágenes" thumb="DefaultAddonPicture.png">ActivateWindow(10002,&quot;addons://sources/image/&quot;,return)</favourite>
	<favourite name="Addons de música" thumb="DefaultAddonMusic.png">ActivateWindow(10502,&quot;addons://sources/audio/&quot;,return)</favourite>
	</favourites>